{
  "project_info": {
    "project_number": "284412102030",
    "firebase_url": "https://chat-app-c5e98-default-rtdb.firebaseio.com",
    "project_id": "chat-app-c5e98",
    "storage_bucket": "chat-app-c5e98.appspot.com"
  },
  "client": [
    {
      "client_info": {
        "mobilesdk_app_id": "1:284412102030:android:ca51b35db9b477daaa50df",
        "android_client_info": {
          "package_name": "com.example.chatapp"
        }
      },
      "oauth_client": [
        {
          "client_id": "284412102030-dkcr594iqsse5pgoc0q53t02emrjc96s.apps.googleusercontent.com",
          "client_type": 1,
          "android_info": {
            "package_name": "com.example.chatapp",
            "certificate_hash": "b0bcbbd940038840768dfe3b3a4519dc6a533e74"
          }
        },
        {
          "client_id": "284412102030-8h3rin4f23rhrgmp8nj143852d1pm1pk.apps.googleusercontent.com",
          "client_type": 3
        }
      ],
      "api_key": [
        {
          "current_key": "AIzaSyCRDkx4rwKHR5Iad5kHKs-S3OHXRS-r3NY"
        }
      ],
      "services": {
        "appinvite_service": {
          "other_platform_oauth_client": [
            {
              "client_id": "284412102030-8h3rin4f23rhrgmp8nj143852d1pm1pk.apps.googleusercontent.com",
              "client_type": 3
            }
          ]
        }
      }
    }
  ],
  "configuration_version": "1"
}